policy,backend,stellarator_asymmetric,asymmetry_seed,asymmetric_dof_count,asymmetric_param_norm_initial,asymmetric_param_norm_final,asymmetric_param_norm_delta,bmag_min,bmag_max,bmag_nonpositive_fraction,bmag_finite,lgradb_min,lgradb_threshold,lgradb_excess_max,lgradb_diagnostic_error,qi_qp_preseed,qi_qi_preseed,qi_raw_total,qi_legacy_total,qi_mirror_ratio_max,qi_mirror_ratio_target,qi_mirror_excess_max,qi_max_elongation,qi_elongation_target,qi_elongation_excess,qi_lgradb_min,qi_lgradb_threshold,qi_lgradb_excess_max,qi_diagnostic_error,problem,max_mode,use_ess,success,crashed,objective_final,qs_final,aspect_final,iota_final,nfev,njev,total_wall_time_s,jax_backend,jax_device_kind,solver_device,jax_platforms,input_file,input_nfp,project_input_boundary_to_max_mode,target_aspect,target_iota,iota_abs_min,iota_weight,lgradb_weight,qi_lgradb_weight,message,output_dir
continuation,cpu,False,0.0,0,,,,0.5745724074985056,0.8194916090669685,0.0,True,,,,,,,,,,,,,,,,,,,qa,1,False,True,False,0.017808965741896336,0.017769794662990453,5.006140103798128,0.41998787480204647,42,31,98.97438279190101,cpu,cpu,cpu,,examples/data/input.nfp2_QA_omnigenity,2,False,5.0,0.42,,100.0,0.0,0.0,`xtol` termination condition is satisfied.,examples/optimization/results/qs_ess_sweep/cpu/continuation/qa/mode1/no_ess
continuation,cpu,False,0.0,0,,,,0.5745724074985056,0.8194916090669685,0.0,True,,,,,,,,,,,,,,,,,,,qa,1,True,True,False,0.017808965741896336,0.017769794662990453,5.006140103798128,0.41998787480204647,42,31,87.7913740419317,cpu,cpu,cpu,,examples/data/input.nfp2_QA_omnigenity,2,False,5.0,0.42,,100.0,0.0,0.0,`xtol` termination condition is satisfied.,examples/optimization/results/qs_ess_sweep/cpu/continuation/qa/mode1/ess
continuation,cpu,False,0.0,0,,,,0.5838984027787645,0.8048253841217426,0.0,True,,,,,,,,,,,,,,,,,,,qa,2,False,True,False,0.005656854313338197,0.005645591169570514,5.002595275270232,0.41997872163060873,77,45,148.6064109170111,cpu,cpu,cpu,,examples/data/input.nfp2_QA_omnigenity,2,False,5.0,0.42,,100.0,0.0,0.0,`xtol` termination condition is satisfied.,examples/optimization/results/qs_ess_sweep/cpu/continuation/qa/mode2/no_ess
continuation,cpu,False,0.0,0,,,,0.5918255245034871,0.7872662717397204,0.0,True,,,,,,,,,,,,,,,,,,,qa,2,True,True,False,0.0004293203752832272,0.0004292889781375475,5.0000440456992905,0.4200017163077246,130,84,287.778570291237,cpu,cpu,cpu,,examples/data/input.nfp2_QA_omnigenity,2,False,5.0,0.42,,100.0,0.0,0.0,`xtol` termination condition is satisfied.,examples/optimization/results/qs_ess_sweep/cpu/continuation/qa/mode2/ess
continuation,cpu,False,0.0,0,,,,0.5840503472075357,0.8047940497170026,0.0,True,,,,,,,,,,,,,,,,,,,qa,3,False,True,False,0.005587484329579314,0.005578026064733761,5.002650357251088,0.41998439913051455,98,52,199.339831457939,cpu,cpu,cpu,,examples/data/input.nfp2_QA_omnigenity,2,False,5.0,0.42,,100.0,0.0,0.0,`xtol` termination condition is satisfied.,examples/optimization/results/qs_ess_sweep/cpu/continuation/qa/mode3/no_ess
continuation,cpu,False,0.0,0,,,,0.5939149812513949,0.7853249102208583,0.0,True,,,,,,,,,,,,,,,,,,,qa,3,True,True,False,0.00023338219715563147,0.00023334436349711502,4.9999214757962855,0.41999822046050994,161,99,376.9007258741185,cpu,cpu,cpu,,examples/data/input.nfp2_QA_omnigenity,2,False,5.0,0.42,,100.0,0.0,0.0,`xtol` termination condition is satisfied.,examples/optimization/results/qs_ess_sweep/cpu/continuation/qa/mode3/ess
continuation,cpu,False,0.0,0,,,,0.32528921184644705,0.7463757022784191,0.0,True,,,,,,,,,,,,,,,,,,,qh,1,False,True,False,0.5205981288791994,0.5080818911102978,5.1118759928175,-0.8857928645779258,10,7,21.10454612504691,cpu,cpu,cpu,,examples/data/input.nfp4_QH_warm_start,4,False,5.0,,0.41,200.0,0.0,0.0,`ftol` termination condition is satisfied.,examples/optimization/results/qs_ess_sweep/cpu/continuation/qh/mode1/no_ess
continuation,cpu,False,0.0,0,,,,0.32528921184644705,0.7463757022784191,0.0,True,,,,,,,,,,,,,,,,,,,qh,1,True,True,False,0.5205981288791994,0.5080818911102978,5.1118759928175,-0.8857928645779258,10,7,21.13830612495076,cpu,cpu,cpu,,examples/data/input.nfp4_QH_warm_start,4,False,5.0,,0.41,200.0,0.0,0.0,`ftol` termination condition is satisfied.,examples/optimization/results/qs_ess_sweep/cpu/continuation/qh/mode1/ess
continuation,cpu,False,0.0,0,,,,0.44240618919422825,0.9508053966452418,0.0,True,,,,,,,,,,,,,,,,,,,qh,2,False,True,False,0.03596377660444397,0.035942528564278146,4.995390440350256,-1.9328347185577717,66,48,169.37761108402628,cpu,cpu,cpu,,examples/data/input.nfp4_QH_warm_start,4,False,5.0,,0.41,200.0,0.0,0.0,`xtol` termination condition is satisfied.,examples/optimization/results/qs_ess_sweep/cpu/continuation/qh/mode2/no_ess
continuation,cpu,False,0.0,0,,,,0.3716924750646856,0.6919383204553701,0.0,True,0.1826936192226168,0.3,2.1403115824284744,,,,,,,,,,,,,,,,qh,2,True,True,False,0.019577119448469012,0.01957184778515722,5.002296010303064,-1.1860475821938194,40,23,81.22819558402989,cpu,cpu,cpu,,examples/data/input.nfp4_QH_warm_start,4,False,5.0,,0.41,200.0,0.1,0.0,`xtol` termination condition is satisfied.,examples/optimization/results/qs_ess_sweep/cpu/continuation/qh/mode2/ess
continuation,cpu,False,0.0,0,,,,0.4072852535414372,0.8869803044890568,0.0,True,,,,,,,,,,,,,,,,,,,qh,3,False,True,False,0.02038134862683093,0.020381228468749867,4.999653361735034,-1.763175827634756,90,59,229.62471766606905,cpu,cpu,cpu,cpu,examples/data/input.nfp4_QH_warm_start,4,False,5.0,,0.41,200.0,0.0,0.0,`xtol` termination condition is satisfied.,examples/optimization/results/qs_ess_sweep/cpu/continuation/qh/mode3/no_ess
continuation,cpu,False,0.0,0,,,,0.40285184032388066,0.8438028547819019,0.0,True,,,,,,,,,,,,,,,,,,,qh,3,True,True,False,0.009676263568648386,0.009675954417918997,4.9994439867576315,-1.6594840723561688,98,64,239.0591399158584,cpu,cpu,cpu,cpu,examples/data/input.nfp4_QH_warm_start,4,False,5.0,,0.41,200.0,0.0,0.0,`xtol` termination condition is satisfied.,examples/optimization/results/qs_ess_sweep/cpu/continuation/qh/mode3/ess
continuation,cpu,False,0.0,0,,,,0.1555883715923691,3.342048950185797,0.0,True,,,,,False,True,0.0012902553810744289,0.0012902553810744289,0.897205832603577,0.21,0.687205832603577,11.841461074710061,8.0,3.841461074710061,0.052361491378858496,0.3,15.764671205241756,,qi,1,False,True,False,1125.6949089766654,152.29204070415062,6.0415194187973125,-0.25408992130295277,15,7,33.82859462394845,cpu,cpu,cpu,,examples/data/input.nfp2_QI,2,True,5.0,,0.41,200.0,0.0,0.0,`xtol` termination condition is satisfied.,examples/optimization/results/qs_ess_sweep/cpu/continuation/qi/no_qp_preseed/mode1/no_ess
continuation,cpu,False,0.0,0,,,,0.1555883715923691,3.342048950185797,0.0,True,,,,,False,True,0.0012902553810744289,0.0012902553810744289,0.897205832603577,0.21,0.687205832603577,11.841461074710061,8.0,3.841461074710061,0.052361491378858496,0.3,15.764671205241756,,qi,1,True,True,False,1125.6949089766654,152.29204070415062,6.0415194187973125,-0.25408992130295277,15,7,34.303120125085115,cpu,cpu,cpu,,examples/data/input.nfp2_QI,2,True,5.0,,0.41,200.0,0.0,0.0,`xtol` termination condition is satisfied.,examples/optimization/results/qs_ess_sweep/cpu/continuation/qi/no_qp_preseed/mode1/ess
continuation,cpu,False,0.0,0,,,,0.23905500263900795,0.4039325547136114,0.0,True,,,,,True,False,0.009484459760082713,0.009484459760082713,0.21702473492210098,0.21,0.007024734922100984,7.848978959368455,8.0,0.0,0.034580898968097025,0.3,25.584364871174323,,qi,2,False,True,False,0.009989397100251377,0.009977928767340563,5.003386492715304,-0.6107732592995679,124,54,301.33625829278026,cpu,cpu,cpu,,examples/data/input.nfp2_QI,2,True,5.0,,0.41,200.0,0.0,0.0,`xtol` termination condition is satisfied.,examples/optimization/results/qs_ess_sweep/cpu/continuation/qi/qp_preseed/mode2/no_ess
continuation,cpu,False,0.0,0,,,,0.2528350299421869,0.43928095318839794,0.0,True,,,,,False,True,0.0035840136874432963,0.0035840136874432963,0.2115595697818763,0.21,0.0015595697818762966,4.639149962487633,8.0,0.0,0.027861810488318556,0.3,32.558088741311224,,qi,2,True,True,False,0.0036088403798414433,0.0036083362664887132,5.000710009402953,-0.5035173821025721,104,60,376.13941849884577,cpu,cpu,cpu,,examples/data/input.nfp2_QI,2,True,5.0,,0.41,200.0,0.0,0.0,`xtol` termination condition is satisfied.,examples/optimization/results/qs_ess_sweep/cpu/continuation/qi/no_qp_preseed/mode2/ess
continuation,cpu,False,0.0,0,,,,0.23659325660870556,0.4095799267280691,0.0,True,,,,,True,False,0.010779427106620214,0.010779427106620214,0.21088320744139064,0.21,0.0008832074413906432,6.714883146315845,8.0,0.0,0.018518115288020796,0.3,50.667842512401414,,qi,3,False,True,False,0.01078799184717813,0.010787227660465491,5.000874177735308,-0.6447742517214401,124,58,330.63641437597107,cpu,cpu,cpu,,examples/data/input.nfp2_QI,2,True,5.0,,0.41,200.0,0.0,0.0,`xtol` termination condition is satisfied.,examples/optimization/results/qs_ess_sweep/cpu/continuation/qi/qp_preseed/mode3/no_ess
continuation,cpu,False,0.0,0,,,,0.26101766497539425,0.4447563316653389,0.0,True,,,,,False,True,0.002168039382721506,0.002168039382721506,0.21062203453310852,0.21,0.0006220345331085231,4.30260859005003,8.0,0.0,0.07463113230169172,0.3,10.065900594373431,,qi,3,True,True,False,0.002172548670637645,0.0021719086523253016,5.000800011445184,-0.5494206378592212,126,74,680.9204963330412,cpu,cpu,cpu,,examples/data/input.nfp2_QI,2,True,5.0,,0.41,200.0,0.0,0.0,`xtol` termination condition is satisfied.,examples/optimization/results/qs_ess_sweep/cpu/continuation/qi/no_qp_preseed/mode3/ess
continuation,cpu,False,0.0,0,,,,0.23065014785454094,0.37670031602383497,0.0,True,0.15303910789853767,0.3,3.200944170838888,,,,,,,,,,,,,,,,qp,1,False,True,False,0.16794814476826098,0.16671009201334724,5.03403836587102,-0.4130884358593992,37,26,65.35445099999197,cpu,cpu,cpu,,examples/data/input.nfp2_QI,2,True,5.0,,0.41,200.0,0.1,0.0,`xtol` termination condition is satisfied.,examples/optimization/results/qs_ess_sweep/cpu/continuation/qp/mode1/no_ess
continuation,cpu,False,0.0,0,,,,0.23065014785454094,0.37670031602383497,0.0,True,0.15303910789853767,0.3,3.200944170838888,,,,,,,,,,,,,,,,qp,1,True,True,False,0.16794814476826098,0.16671009201334724,5.03403836587102,-0.4130884358593992,37,26,61.27271375001874,cpu,cpu,cpu,,examples/data/input.nfp2_QI,2,True,5.0,,0.41,200.0,0.1,0.0,`xtol` termination condition is satisfied.,examples/optimization/results/qs_ess_sweep/cpu/continuation/qp/mode1/ess
continuation,cpu,False,0.0,0,,,,0.19940440727746508,0.37976870699929727,0.0,True,0.15542878420448789,0.3,3.1004813884260725,,,,,,,,,,,,,,,,qp,2,False,True,False,0.09659945977181564,0.09654749175099392,5.007208884852852,-0.451810686656927,59,37,110.66097912390251,cpu,cpu,cpu,,examples/data/input.nfp2_QI,2,True,5.0,,0.41,200.0,0.1,0.0,`xtol` termination condition is satisfied.,examples/optimization/results/qs_ess_sweep/cpu/continuation/qp/mode2/no_ess
continuation,cpu,False,0.0,0,,,,0.18675222593833649,0.3662145092482439,0.0,True,0.1540977803301091,0.3,3.156052807452047,,,,,,,,,,,,,,,,qp,2,True,True,False,0.1073680066048851,0.10714494416046938,5.014935275170408,-0.498257089176479,55,33,99.63600100099575,cpu,cpu,cpu,,examples/data/input.nfp2_QI,2,True,5.0,,0.41,200.0,0.1,0.0,`xtol` termination condition is satisfied.,examples/optimization/results/qs_ess_sweep/cpu/continuation/qp/mode2/ess
continuation,cpu,False,0.0,0,,,,0.24448346424236636,0.40341275277908095,0.0,True,,,,,,,,,,,,,,,,,,,qp,3,False,True,False,0.06760717027722823,0.06726229476063765,5.0185708243379805,-0.6254594681701608,106,48,221.4103857066948,cpu,cpu,cpu,cpu,examples/data/input.nfp2_QI,2,True,5.0,,0.41,200.0,0.0,0.0,`xtol` termination condition is satisfied.,examples/optimization/results/qs_ess_sweep/cpu/continuation/qp/mode3/no_ess
continuation,cpu,False,0.0,0,,,,0.19594887477131304,0.3647309099058705,0.0,True,,,,,,,,,,,,,,,,,,,qp,3,True,True,False,0.08146135934287038,0.08101510008155018,4.978875150620263,-0.6623064995391771,65,41,137.28775300073903,cpu,cpu,cpu,cpu,examples/data/input.nfp2_QI,2,True,5.0,,0.41,200.0,0.0,0.0,`xtol` termination condition is satisfied.,examples/optimization/results/qs_ess_sweep/cpu/continuation/qp/mode3/ess
direct,cpu,False,0.0,0,,,,0.5399452872668336,0.8232592135019221,0.0,True,0.22782739465404855,0.3,1.055954449720502,,,,,,,,,,,,,,,,qa,1,False,False,False,0.02995529532630677,0.02931552635161489,5.006853842673286,0.42012173678730175,60,51,122.93447329197079,cpu,cpu,cpu,,examples/data/input.nfp2_QA_omnigenity,2,False,5.0,0.42,,200.0,0.1,0.0,The maximum number of function evaluations is exceeded.,examples/optimization/results/qs_ess_sweep/cpu/direct/qa/mode1/no_ess
direct,cpu,False,0.0,0,,,,0.5399452872668336,0.8232592135019221,0.0,True,0.22782739465404855,0.3,1.055954449720502,,,,,,,,,,,,,,,,qa,1,True,False,False,0.02995529532630677,0.02931552635161489,5.006853842673286,0.42012173678730175,60,51,123.87899949995335,cpu,cpu,cpu,,examples/data/input.nfp2_QA_omnigenity,2,False,5.0,0.42,,200.0,0.1,0.0,The maximum number of function evaluations is exceeded.,examples/optimization/results/qs_ess_sweep/cpu/direct/qa/mode1/ess
direct,cpu,False,0.0,0,,,,0.5834241581347813,0.9639914010233204,0.0,True,0.23710328695187857,0.3,0.8842378899747412,,,,,,,,,,,,,,,,qa,2,False,True,False,0.11504788155342749,0.07683604699233612,5.195421733381438,0.41997645181361376,21,13,53.65910616598558,cpu,cpu,cpu,,examples/data/input.nfp2_QA_omnigenity,2,False,5.0,0.42,,200.0,0.1,0.0,`xtol` termination condition is satisfied.,examples/optimization/results/qs_ess_sweep/cpu/direct/qa/mode2/no_ess
direct,cpu,False,0.0,0,,,,0.567986528384018,0.8297226570442546,0.0,True,0.23863698053384136,0.3,0.8571320243951974,,,,,,,,,,,,,,,,qa,2,True,True,False,0.014127553606623449,0.014119016676733692,5.002919713516982,0.42000055233297295,47,34,125.32598333293572,cpu,cpu,cpu,,examples/data/input.nfp2_QA_omnigenity,2,False,5.0,0.42,,200.0,0.1,0.0,`xtol` termination condition is satisfied.,examples/optimization/results/qs_ess_sweep/cpu/direct/qa/mode2/ess
direct,cpu,False,0.0,0,,,,1.524516914233026,3.264973130521531,0.0,True,0.0016559713591398507,0.3,600.5418451114332,,,,,,,,,,,,,,,,qa,3,False,True,False,1726.6103604731895,152.30320739117587,8.761561119975426,0.22250583483158912,9,4,39.140838166931644,cpu,cpu,cpu,,examples/data/input.nfp2_QA_omnigenity,2,False,5.0,0.42,,200.0,0.1,0.0,`xtol` termination condition is satisfied.,examples/optimization/results/qs_ess_sweep/cpu/direct/qa/mode3/no_ess
direct,cpu,False,0.0,0,,,,0.5625680776483153,0.8369924414687165,0.0,True,0.2561833153972818,0.3,0.570121497240736,,,,,,,,,,,,,,,,qa,3,True,True,False,0.01993961960153145,0.019822158419423943,5.010755359654274,0.420006677238978,26,15,83.49261866696179,cpu,cpu,cpu,,examples/data/input.nfp2_QA_omnigenity,2,False,5.0,0.42,,200.0,0.1,0.0,`xtol` termination condition is satisfied.,examples/optimization/results/qs_ess_sweep/cpu/direct/qa/mode3/ess
direct,cpu,False,0.0,0,,,,0.3196028525469809,0.6305875059866167,0.0,True,0.10493984773412514,0.3,6.195935305721612,,,,,,,,,,,,,,,,qh,1,False,True,False,0.6076891146019274,0.5794718120469238,5.16798006594535,-0.7009992586566371,16,10,30.196303833043203,cpu,cpu,cpu,,examples/data/input.nfp4_QH_warm_start,4,False,5.0,,0.41,200.0,0.1,0.0,`xtol` termination condition is satisfied.,examples/optimization/results/qs_ess_sweep/cpu/direct/qh/mode1/no_ess
direct,cpu,False,0.0,0,,,,0.3196028525469809,0.6305875059866167,0.0,True,0.10493984773412514,0.3,6.195935305721612,,,,,,,,,,,,,,,,qh,1,True,True,False,0.6076891146019274,0.5794718120469238,5.16798006594535,-0.7009992586566371,16,10,30.151554709067568,cpu,cpu,cpu,,examples/data/input.nfp4_QH_warm_start,4,False,5.0,,0.41,200.0,0.1,0.0,`xtol` termination condition is satisfied.,examples/optimization/results/qs_ess_sweep/cpu/direct/qh/mode1/ess
direct,cpu,False,0.0,0,,,,0.3613805320300112,0.6767597392416957,0.0,True,0.17132347626146258,0.3,2.5035783487169776,,,,,,,,,,,,,,,,qh,2,False,True,False,0.026736506591654784,0.02668203703179351,5.007380349575821,-1.1126387299978173,13,11,42.54817608289886,cpu,cpu,cpu,,examples/data/input.nfp4_QH_warm_start,4,False,5.0,,0.41,200.0,0.1,0.0,`xtol` termination condition is satisfied.,examples/optimization/results/qs_ess_sweep/cpu/direct/qh/mode2/no_ess
direct,cpu,False,0.0,0,,,,0.37410876067647625,0.7029982510645026,0.0,True,0.18436421464018343,0.3,2.0907127699284174,,,,,,,,,,,,,,,,qh,2,True,True,False,0.01974099575036007,0.019734892165406075,5.002470543453167,-1.2058266302379872,21,15,58.74620670895092,cpu,cpu,cpu,,examples/data/input.nfp4_QH_warm_start,4,False,5.0,,0.41,200.0,0.1,0.0,Both `ftol` and `xtol` termination conditions are satisfied.,examples/optimization/results/qs_ess_sweep/cpu/direct/qh/mode2/ess
direct,cpu,False,0.0,0,,,,0.37463005302913716,0.6936448601780808,0.0,True,0.12187936177747372,0.3,4.87150122943531,,,,,,,,,,,,,,,,qh,3,False,True,False,0.03789708103433688,0.03789567166073911,5.001187170416474,-1.1156152794416814,12,7,40.09146358293947,cpu,cpu,cpu,,examples/data/input.nfp4_QH_warm_start,4,False,5.0,,0.41,200.0,0.1,0.0,`xtol` termination condition is satisfied.,examples/optimization/results/qs_ess_sweep/cpu/direct/qh/mode3/no_ess
direct,cpu,False,0.0,0,,,,0.398023110431894,0.7625373270144632,0.0,True,0.19620796433665152,0.3,1.7632997385240894,,,,,,,,,,,,,,,,qh,3,True,True,False,0.019617266487990476,0.019606492836627843,4.996717675920532,-1.204737379318926,14,11,60.275130791938864,cpu,cpu,cpu,,examples/data/input.nfp4_QH_warm_start,4,False,5.0,,0.41,200.0,0.1,0.0,`xtol` termination condition is satisfied.,examples/optimization/results/qs_ess_sweep/cpu/direct/qh/mode3/ess
direct,cpu,False,0.0,0,,,,0.1555883715923691,3.342048950185797,0.0,True,,,,,False,True,0.0012902553810744289,0.0012902553810744289,0.897205832603577,0.21,0.687205832603577,11.841461074710061,8.0,3.841461074710061,0.052361491378858496,0.3,15.764671205241756,,qi,1,False,True,False,1125.6949089766654,152.29204070415062,6.0415194187973125,-0.25408992130295277,15,7,34.30090837494936,cpu,cpu,cpu,,examples/data/input.nfp2_QI,2,True,5.0,,0.41,200.0,0.0,0.0,`xtol` termination condition is satisfied.,examples/optimization/results/qs_ess_sweep/cpu/direct/qi/no_qp_preseed/mode1/no_ess
direct,cpu,False,0.0,0,,,,0.1555883715923691,3.342048950185797,0.0,True,,,,,False,True,0.0012902553810744289,0.0012902553810744289,0.897205832603577,0.21,0.687205832603577,11.841461074710061,8.0,3.841461074710061,0.052361491378858496,0.3,15.764671205241756,,qi,1,True,True,False,1125.6949089766654,152.29204070415062,6.0415194187973125,-0.25408992130295277,15,7,34.259313874994405,cpu,cpu,cpu,,examples/data/input.nfp2_QI,2,True,5.0,,0.41,200.0,0.0,0.0,`xtol` termination condition is satisfied.,examples/optimization/results/qs_ess_sweep/cpu/direct/qi/no_qp_preseed/mode1/ess
direct,cpu,False,0.0,0,,,,0.21130670871420487,0.4047550479257936,0.0,True,,,,,True,False,0.3319169524831251,0.3319169524831251,0.16877934869025246,0.21,0.0,4.969029143866057,8.0,0.0,0.07591922354878,0.3,9.83856112574889,,qi,2,False,True,False,0.332550889954147,0.3319169524831251,5.025178112489933,-0.4198021281479054,42,28,167.600735166925,cpu,cpu,cpu,,examples/data/input.nfp2_QI,2,True,5.0,,0.41,200.0,0.0,0.0,`xtol` termination condition is satisfied.,examples/optimization/results/qs_ess_sweep/cpu/direct/qi/qp_preseed/mode2/no_ess
direct,cpu,False,0.0,0,,,,0.2149118755854123,0.4440890032363523,0.0,True,,,,,False,True,0.023336317561286166,0.023336317561286166,0.21581369133523898,0.21,0.005813691335238985,3.410014692193942,8.0,0.0,0.09805677533058244,0.3,6.864840088428323,,qi,2,True,False,False,0.02389173505165595,0.023674307630700494,5.013167704956435,-0.41338914359821405,44,28,167.06919891689904,cpu,cpu,cpu,,examples/data/input.nfp2_QI,2,True,5.0,,0.41,200.0,0.0,0.0,The maximum number of function evaluations is exceeded.,examples/optimization/results/qs_ess_sweep/cpu/direct/qi/no_qp_preseed/mode2/ess
direct,cpu,False,0.0,0,,,,0.2390980758263995,0.45908981800633414,0.0,True,,,,,True,False,0.04727920081376601,0.04727920081376601,0.2302022473773893,0.21,0.02020224737738932,3.014499134303372,8.0,0.0,0.039777871733150276,0.3,21.80627209122273,,qi,3,False,True,False,0.05192490705798407,0.05136050880473835,5.023581303063413,-0.41423174231422005,30,19,134.8043859170284,cpu,cpu,cpu,,examples/data/input.nfp2_QI,2,True,5.0,,0.41,200.0,0.0,0.0,`xtol` termination condition is satisfied.,examples/optimization/results/qs_ess_sweep/cpu/direct/qi/qp_preseed/mode3/no_ess
direct,cpu,False,0.0,0,,,,0.23996086108114154,0.43189879789480434,0.0,True,,,,,False,True,0.003204905581715876,0.003204905581715876,0.2113616718460887,0.21,0.0013616718460887078,3.980404330920936,8.0,0.0,0.0745059527631156,0.3,10.088413022684719,,qi,3,True,False,False,0.003227973430356644,0.0032234470838801823,5.0020980814900335,-0.4163395598634212,46,34,303.5442478338955,cpu,cpu,cpu,,examples/data/input.nfp2_QI,2,True,5.0,,0.41,200.0,0.0,0.0,The maximum number of function evaluations is exceeded.,examples/optimization/results/qs_ess_sweep/cpu/direct/qi/no_qp_preseed/mode3/ess
direct,cpu,False,0.0,0,,,,0.23065014785454094,0.37670031602383497,0.0,True,0.15303910789853767,0.3,3.200944170838888,,,,,,,,,,,,,,,,qp,1,False,True,False,0.16794814476826098,0.16671009201334724,5.03403836587102,-0.4130884358593992,37,26,64.60664462507702,cpu,cpu,cpu,,examples/data/input.nfp2_QI,2,True,5.0,,0.41,200.0,0.1,0.0,`xtol` termination condition is satisfied.,examples/optimization/results/qs_ess_sweep/cpu/direct/qp/mode1/no_ess
direct,cpu,False,0.0,0,,,,0.23065014785454094,0.37670031602383497,0.0,True,0.15303910789853767,0.3,3.200944170838888,,,,,,,,,,,,,,,,qp,1,True,True,False,0.16794814476826098,0.16671009201334724,5.03403836587102,-0.4130884358593992,37,26,64.92522366601042,cpu,cpu,cpu,,examples/data/input.nfp2_QI,2,True,5.0,,0.41,200.0,0.1,0.0,`xtol` termination condition is satisfied.,examples/optimization/results/qs_ess_sweep/cpu/direct/qp/mode1/ess
direct,cpu,False,0.0,0,,,,0.20704298761485612,0.5934927451432225,0.0,True,0.10539287264071735,0.3,6.154974319205792,,,,,,,,,,,,,,,,qp,2,False,True,False,0.14963014588403106,0.14186584018280174,5.088115297770762,-0.5433615853617799,5,4,15.234736083075404,cpu,cpu,cpu,,examples/data/input.nfp2_QI,2,True,5.0,,0.41,200.0,0.1,0.0,`xtol` termination condition is satisfied.,examples/optimization/results/qs_ess_sweep/cpu/direct/qp/mode2/no_ess
direct,cpu,False,0.0,0,,,,0.19926948146760462,0.5419391382381078,0.0,True,0.11563482775822774,0.3,5.314580270090936,,,,,,,,,,,,,,,,qp,2,True,True,False,0.12650124438363147,0.12624611612335068,5.015972734902988,-0.5127617307213649,9,5,21.580052750068717,cpu,cpu,cpu,,examples/data/input.nfp2_QI,2,True,5.0,,0.41,200.0,0.1,0.0,`xtol` termination condition is satisfied.,examples/optimization/results/qs_ess_sweep/cpu/direct/qp/mode2/ess
direct,cpu,False,0.0,0,,,,0.277065871465439,0.5220276543507841,0.0,True,0.08401179227599284,0.3,8.569757565082833,,,,,,,,,,,,,,,,qp,3,False,True,False,0.309485925265758,0.2777235804107158,5.178219933944113,-0.49650418281384245,10,5,29.193490457953885,cpu,cpu,cpu,,examples/data/input.nfp2_QI,2,True,5.0,,0.41,200.0,0.1,0.0,`xtol` termination condition is satisfied.,examples/optimization/results/qs_ess_sweep/cpu/direct/qp/mode3/no_ess
direct,cpu,False,0.0,0,,,,0.2100834103432649,0.628627628912946,0.0,True,0.0705633618493572,0.3,10.838327055167692,,,,,,,,,,,,,,,,qp,3,True,True,False,0.1786104196774127,0.1662229105043803,5.11129918765666,-0.506181549942033,8,4,23.996927291038446,cpu,cpu,cpu,,examples/data/input.nfp2_QI,2,True,5.0,,0.41,200.0,0.1,0.0,`xtol` termination condition is satisfied.,examples/optimization/results/qs_ess_sweep/cpu/direct/qp/mode3/ess
continuation,cpu,True,1e-07,8,2.82842712474619e-07,0.0001678010508986675,0.00016782784623405516,0.2963344735026776,0.41589169722254354,0.0,True,0.21169423983938215,0.3,1.3904607612000164,,,,,,,,,,,,,,,,qa,1,False,True,False,0.15615025510500574,0.15376020274453622,5.048792891212457,0.41998474702684796,51,37,191.23579333396628,cpu,cpu,cpu,,examples/data/input.nfp2_QA_omnigenity,2,False,5.0,0.42,,200.0,0.1,0.0,Both `ftol` and `xtol` termination conditions are satisfied.,examples/optimization/results/qs_ess_sweep/cpu/asymmetric/continuation/qa/mode1/no_ess
continuation,cpu,True,1e-07,8,2.82842712474619e-07,0.0001678010508986675,0.00016782784623405516,0.2963344735026776,0.41589169722254354,0.0,True,0.21169423983938215,0.3,1.3904607612000164,,,,,,,,,,,,,,,,qa,1,True,True,False,0.15615025510500574,0.15376020274453622,5.048792891212457,0.41998474702684796,51,37,183.55625541706104,cpu,cpu,cpu,,examples/data/input.nfp2_QA_omnigenity,2,False,5.0,0.42,,200.0,0.1,0.0,Both `ftol` and `xtol` termination conditions are satisfied.,examples/optimization/results/qs_ess_sweep/cpu/asymmetric/continuation/qa/mode1/ess
continuation,cpu,True,1e-07,24,4.898979485566356e-07,0.0014786735413082157,0.0014786197941948753,0.29681800633610633,0.39499457704240626,0.0,True,0.17810631378346292,0.3,2.281290756948914,,,,,,,,,,,,,,,,qa,2,False,True,False,0.05287821334907396,0.05243425293979966,5.0209695800011245,0.41998970786240536,103,71,561.3287498339778,cpu,cpu,cpu,,examples/data/input.nfp2_QA_omnigenity,2,False,5.0,0.42,,200.0,0.1,0.0,`xtol` termination condition is satisfied.,examples/optimization/results/qs_ess_sweep/cpu/asymmetric/continuation/qa/mode2/no_ess
continuation,cpu,True,1e-07,24,4.898979485566356e-07,0.004888457177432728,0.004888470239928411,0.3005979933783685,0.3882034863614778,0.0,True,0.1674751747482716,0.3,2.6377008901154793,,,,,,,,,,,,,,,,qa,2,True,True,False,0.03981181810285872,0.03976351226004306,5.006883877404742,0.41999520918928496,90,61,438.65351658302825,cpu,cpu,cpu,,examples/data/input.nfp2_QA_omnigenity,2,False,5.0,0.42,,200.0,0.1,0.0,`xtol` termination condition is satisfied.,examples/optimization/results/qs_ess_sweep/cpu/asymmetric/continuation/qa/mode2/ess
continuation,cpu,True,1e-07,48,6.928203230275509e-07,0.0014800971470263623,0.0014800432051673804,0.2968288024389933,0.39496212238730793,0.0,True,0.17797530828865005,0.3,2.285423614558256,,,,,,,,,,,,,,,,qa,3,False,True,False,0.052820471875029876,0.05238077200459822,5.020965947785673,0.42000179515932373,120,75,633.7468725431245,cpu,cpu,cpu,,examples/data/input.nfp2_QA_omnigenity,2,False,5.0,0.42,,200.0,0.1,0.0,`xtol` termination condition is satisfied.,examples/optimization/results/qs_ess_sweep/cpu/asymmetric/continuation/qa/mode3/no_ess
continuation,cpu,True,1e-07,48,6.928203230275509e-07,0.004833712979259241,0.004833705945286889,0.303170120995937,0.3838993454308554,0.0,True,0.16652657103032836,0.3,2.6717143525274216,,,,,,,,,,,,,,,,qa,3,True,True,False,0.03468704218946046,0.03467375293240903,5.003630091281402,0.419998328964841,123,80,763.507428290206,cpu,cpu,cpu,,examples/data/input.nfp2_QA_omnigenity,2,False,5.0,0.42,,200.0,0.1,0.0,`xtol` termination condition is satisfied.,examples/optimization/results/qs_ess_sweep/cpu/asymmetric/continuation/qa/mode3/ess
continuation,cpu,True,1e-07,8,2.82842712474619e-07,0.0006798630347494424,0.0006798181604792228,0.28901309723741225,0.4487942737559346,0.0,True,0.1437746934244136,0.3,3.621993617342643,,,,,,,,,,,,,,,,qh,1,False,True,False,9.948228467478026,7.383514057316701,6.601472575525833,-0.7805179271518665,13,8,52.5201412079623,cpu,cpu,cpu,,examples/data/input.nfp4_QH_warm_start,4,False,5.0,,0.41,200.0,0.1,0.0,Both `ftol` and `xtol` termination conditions are satisfied.,examples/optimization/results/qs_ess_sweep/cpu/asymmetric/continuation/qh/mode1/no_ess
continuation,cpu,True,1e-07,8,2.82842712474619e-07,0.0006798630347494424,0.0006798181604792228,0.28901309723741225,0.4487942737559346,0.0,True,0.1437746934244136,0.3,3.621993617342643,,,,,,,,,,,,,,,,qh,1,True,True,False,9.948228467478026,7.383514057316701,6.601472575525833,-0.7805179271518665,13,8,46.72790562501177,cpu,cpu,cpu,,examples/data/input.nfp4_QH_warm_start,4,False,5.0,,0.41,200.0,0.1,0.0,Both `ftol` and `xtol` termination conditions are satisfied.,examples/optimization/results/qs_ess_sweep/cpu/asymmetric/continuation/qh/mode1/ess
continuation,cpu,True,1e-07,24,4.898979485566356e-07,0.006417326541637434,0.006417334142187088,0.2403757326284876,0.3487945103236987,0.0,True,0.07316354949896006,0.3,10.334674941937864,,,,,,,,,,,,,,,,qh,2,False,True,False,2.8178067772290474,2.5805013290330274,5.4871400704068805,-1.4636594495668789,39,23,251.79321070900187,cpu,cpu,cpu,,examples/data/input.nfp4_QH_warm_start,4,False,5.0,,0.41,200.0,0.1,0.0,`xtol` termination condition is satisfied.,examples/optimization/results/qs_ess_sweep/cpu/asymmetric/continuation/qh/mode2/no_ess
continuation,cpu,True,1e-07,24,4.898979485566356e-07,0.02851855802732716,0.028518518822733464,0.2368176532157477,0.3495194640573101,0.0,True,0.07466176266955316,0.3,10.06040349050671,,,,,,,,,,,,,,,,qh,2,True,True,False,2.7501252262519174,2.5318537502502223,5.467195329601763,-1.4740060691456218,44,25,263.1171011660481,cpu,cpu,cpu,,examples/data/input.nfp4_QH_warm_start,4,False,5.0,,0.41,200.0,0.1,0.0,`xtol` termination condition is satisfied.,examples/optimization/results/qs_ess_sweep/cpu/asymmetric/continuation/qh/mode2/ess
continuation,cpu,True,1e-07,48,6.928203230275509e-07,0.008098032436553403,0.008098035634247384,0.23637894404900064,0.3366192390585458,0.0,True,0.07204253358035341,0.3,10.547355619459246,,,,,,,,,,,,,,,,qh,3,False,True,False,2.615528541461128,2.464671070696813,5.388403747103858,-1.5106852700876316,63,36,492.26318558398634,cpu,cpu,cpu,,examples/data/input.nfp4_QH_warm_start,4,False,5.0,,0.41,200.0,0.1,0.0,`xtol` termination condition is satisfied.,examples/optimization/results/qs_ess_sweep/cpu/asymmetric/continuation/qh/mode3/no_ess
continuation,cpu,True,1e-07,48,6.928203230275509e-07,0.030172927016482904,0.030172893188404624,0.24056887380142716,0.3479794792889055,0.0,True,0.06851362002986648,0.3,11.262304724677316,,,,,,,,,,,,,,,,qh,3,True,True,False,2.620512713153114,2.452930725087075,5.409367790704204,-1.5131284981536937,65,33,425.858089750167,cpu,cpu,cpu,,examples/data/input.nfp4_QH_warm_start,4,False,5.0,,0.41,200.0,0.1,0.0,`xtol` termination condition is satisfied.,examples/optimization/results/qs_ess_sweep/cpu/asymmetric/continuation/qh/mode3/ess
continuation,cpu,True,1e-07,8,2.82842712474619e-07,0.0035193766815666853,0.0035192930504415,0.09322485357496604,0.2080483920902487,0.0,True,,,,,False,False,0.06778299220451978,0.06778299220451978,0.24087566347771863,0.21,0.03087566347771864,3.4351350953607334,8.0,0.0,0.20930097598820496,0.3,1.444475252023452,,qi,1,False,True,False,0.07781792274246058,0.07731605815641307,5.0221047431380015,-0.4139973982557343,16,11,118.70693545800168,cpu,cpu,cpu,,examples/data/input.nfp2_QI,2,True,5.0,,0.41,200.0,0.0,0.0,`xtol` termination condition is satisfied.,examples/optimization/results/qs_ess_sweep/cpu/asymmetric/continuation/qi/no_qp_preseed/mode1/no_ess
continuation,cpu,True,1e-07,8,2.82842712474619e-07,0.02780988405017675,0.027809873253722577,0.09109847445171143,0.19375188735042934,0.0,True,,,,,False,True,0.03853001827373387,0.03853001827373387,0.2257510286119263,0.21,0.015751028611926315,6.221070066749751,8.0,0.0,0.17841399460926355,0.3,2.2716081522830556,,qi,1,True,False,False,0.041117003780599015,0.041010967297071085,5.0102974017741655,-0.4229417290530502,46,35,324.3303574589081,cpu,cpu,cpu,,examples/data/input.nfp2_QI,2,True,5.0,,0.41,200.0,0.0,0.0,The maximum number of function evaluations is exceeded.,examples/optimization/results/qs_ess_sweep/cpu/asymmetric/continuation/qi/no_qp_preseed/mode1/ess
continuation,cpu,True,1e-07,8,2.82842712474619e-07,0.0018991129905898613,0.0018990288573514473,0.1273203879233622,0.22903707344258886,0.0,True,,,,,,,,,,,,,,,,,,,qp,1,False,True,False,2.1978534020757636,1.9745431070276285,5.4723458013285855,-0.41261427125451977,23,16,87.84419275005348,cpu,cpu,cpu,,examples/data/input.nfp2_QI,2,True,5.0,,0.41,200.0,0.0,0.0,`ftol` termination condition is satisfied.,examples/optimization/results/qs_ess_sweep/cpu/asymmetric/continuation/qp/mode1/no_ess
continuation,cpu,True,1e-07,8,2.82842712474619e-07,7.807886771774174e-07,9.192720988756671e-07,0.26728490565144736,2.67332385358851,0.0,True,,,,,,,,,,,,,,,,,,,qp,1,True,False,False,5.841108551943964,5.05792613676219,7.880637704806479,-0.39966399852553813,50,31,191.32317845802754,cpu,cpu,cpu,,,,,,,,,,,The maximum number of function evaluations is exceeded.,examples/optimization/results/qs_ess_sweep/cpu/asymmetric/continuation/qp/mode1/ess
continuation,cpu,True,1e-07,24,4.898979485566356e-07,1.432502879370303e-05,1.413079063006516e-05,0.17505560595212222,2.496933443834005,0.0,True,,,,,,,,,,,,,,,,,,,qp,2,False,True,False,0.8814239127175889,0.8600617566784525,7.14407587822462,-0.40127770805426033,74,44,375.9889412089251,cpu,cpu,cpu,,,,,,,,,,,`xtol` termination condition is satisfied.,examples/optimization/results/qs_ess_sweep/cpu/asymmetric/continuation/qp/mode2/no_ess
continuation,cpu,True,1e-07,24,4.898979485566356e-07,0.005991125559854678,0.005991227449569648,0.17121878468126597,2.5988080913005636,0.0,True,,,,,,,,,,,,,,,,,,,qp,2,True,True,False,0.6950665883319449,0.6893825379796232,7.072975736194763,-0.40156790081790056,74,45,360.28848395799287,cpu,cpu,cpu,,,,,,,,,,,`xtol` termination condition is satisfied.,examples/optimization/results/qs_ess_sweep/cpu/asymmetric/continuation/qp/mode2/ess
continuation,cpu,True,1e-07,48,6.928203230275509e-07,0.00017148500178183323,0.00017143206405562865,0.16412122942762775,2.407918382306523,0.0,True,,,,,,,,,,,,,,,,,,,qp,3,False,True,False,0.6756290550450115,0.6695564483448396,7.072290822105324,-0.40108551927772895,99,61,711.341405418003,cpu,cpu,cpu,,,,,,,,,,,`xtol` termination condition is satisfied.,examples/optimization/results/qs_ess_sweep/cpu/asymmetric/continuation/qp/mode3/no_ess
continuation,cpu,True,1e-07,48,6.928203230275509e-07,0.003786799934962839,0.003787010000997794,0.17026618563614904,2.6792313658776292,0.0,True,,,,,,,,,,,,,,,,,,,qp,3,True,True,False,0.5841670041673852,0.5793935386362392,7.06137733752117,-0.4009853588371178,100,62,690.7361947080353,cpu,cpu,cpu,,,,,,,,,,,`xtol` termination condition is satisfied.,examples/optimization/results/qs_ess_sweep/cpu/asymmetric/continuation/qp/mode3/ess
direct,cpu,True,1e-07,8,2.82842712474619e-07,0.004659028736731769,0.004659056188716408,,,,,,,,,,,,,,,,,,,,,,,qa,1,False,True,False,0.06282854244425398,0.045490451926738326,6.011615235483549,0.2788391185521485,17,16,290.7149085829733,cpu,cpu,cpu,,,,,,,,,,,`ftol` termination condition is satisfied.,examples/optimization/results/qs_ess_sweep/cpu/asymmetric/direct/qa/mode1/no_ess
direct,cpu,True,1e-07,8,2.82842712474619e-07,0.1411235887753807,0.14112360632262347,0.43443640705773695,0.569848477457068,0.0,True,,,,,,,,,,,,,,,,,,,qa,1,True,True,False,0.08574839690467732,0.08470045233029133,6.022246377021134,0.40764831276777747,33,21,707.3869514589896,cpu,cpu,cpu,,,,,,,,,,,`xtol` termination condition is satisfied.,examples/optimization/results/qs_ess_sweep/cpu/asymmetric/direct/qa/mode1/ess
direct,cpu,True,1e-07,0,,,,,,,,,,,,,,,,,,,,,,,,,,qa,2,False,False,True,,,,,,,1200.0101477910066,,,cpu,,,,,,,,,,,exit code -15; worker timed out after 1200.0 s,examples/optimization/results/qs_ess_sweep/cpu/asymmetric/direct/qa/mode2/no_ess
direct,cpu,True,1e-07,0,,,,,,,,,,,,,,,,,,,,,,,,,,qa,2,True,False,True,,,,,,,1200.0039146669442,,,cpu,,,,,,,,,,,exit code -15; worker timed out after 1200.0 s,examples/optimization/results/qs_ess_sweep/cpu/asymmetric/direct/qa/mode2/ess
direct,cpu,True,1e-07,0,,,,,,,,,,,,,,,,,,,,,,,,,,qa,3,False,False,True,,,,,,,1200.0039100419963,,,cpu,,,,,,,,,,,exit code -15; worker timed out after 1200.0 s,examples/optimization/results/qs_ess_sweep/cpu/asymmetric/direct/qa/mode3/no_ess
direct,cpu,True,1e-07,0,,,,,,,,,,,,,,,,,,,,,,,,,,qa,3,True,False,True,,,,,,,1200.004015334067,,,cpu,,,,,,,,,,,exit code -15; worker timed out after 1200.0 s,examples/optimization/results/qs_ess_sweep/cpu/asymmetric/direct/qa/mode3/ess
direct,cpu,True,1e-07,8,2.82842712474619e-07,1.8065592896710386e-06,1.8514064629171092e-06,,,,,,,,,,,,,,,,,,,,,,,qh,1,False,True,False,5.095352817040218,4.394275226402579,7.8373037624647575,,8,6,219.67432620795444,cpu,cpu,cpu,,,,,,,,,,,`ftol` termination condition is satisfied.,examples/optimization/results/qs_ess_sweep/cpu/asymmetric/direct/qh/mode1/no_ess
direct,cpu,True,1e-07,8,2.82842712474619e-07,1.8720072886717261e-06,1.9124830157687495e-06,0.42367726079200546,0.5960823553831545,0.0,True,,,,,,,,,,,,,,,,,,,qh,1,True,True,False,5.094712268888779,4.393476192738088,7.837398397509023,-1.002082653369109,19,9,442.2095142499311,cpu,cpu,cpu,,,,,,,,,,,`xtol` termination condition is satisfied.,examples/optimization/results/qs_ess_sweep/cpu/asymmetric/direct/qh/mode1/ess
direct,cpu,True,1e-07,0,,,,,,,,,,,,,,,,,,,,,,,,,,qh,2,False,False,True,,,,,,,1200.0036136249546,,,cpu,,,,,,,,,,,exit code -15; worker timed out after 1200.0 s,examples/optimization/results/qs_ess_sweep/cpu/asymmetric/direct/qh/mode2/no_ess
direct,cpu,True,1e-07,0,,,,,,,,,,,,,,,,,,,,,,,,,,qh,2,True,False,True,,,,,,,1200.0061494170222,,,cpu,,,,,,,,,,,exit code -15; worker timed out after 1200.0 s,examples/optimization/results/qs_ess_sweep/cpu/asymmetric/direct/qh/mode2/ess
direct,cpu,True,1e-07,0,,,,,,,,,,,,,,,,,,,,,,,,,,qh,3,False,False,True,,,,,,,268.3644162500277,,,cpu,,,,,,,,,,,worker exit code -9 without result file,examples/optimization/results/qs_ess_sweep/cpu/asymmetric/direct/qh/mode3/no_ess
direct,cpu,True,1e-07,0,,,,,,,,,,,,,,,,,,,,,,,,,,qh,3,True,False,True,,,,,,,1200.0025848330697,,,cpu,,,,,,,,,,,exit code -15; worker timed out after 1200.0 s,examples/optimization/results/qs_ess_sweep/cpu/asymmetric/direct/qh/mode3/ess
direct,cpu,True,1e-07,8,2.82842712474619e-07,9.428891107568179e-07,9.150094162504211e-07,,,,,,,,,,,,,,,,,,,,,,,qp,1,False,False,False,4.8020789679650475,4.174002432978632,7.739557385297477,-0.29575821211729597,20,15,59.409463791991584,cpu,cpu,cpu,,,,,,,,,,,The maximum number of function evaluations is exceeded.,examples/optimization/results/qs_ess_sweep/cpu/asymmetric/direct/qp/mode1/no_ess
direct,cpu,True,1e-07,8,2.82842712474619e-07,7.807886771774174e-07,9.192720988756671e-07,0.26728490565144736,2.67332385358851,0.0,True,,,,,,,,,,,,,,,,,,,qp,1,True,False,False,5.841108551943964,5.05792613676219,7.880637704806479,-0.39966399852553813,50,31,202.87195312499534,cpu,cpu,cpu,,,,,,,,,,,The maximum number of function evaluations is exceeded.,examples/optimization/results/qs_ess_sweep/cpu/asymmetric/direct/qp/mode1/ess
direct,cpu,True,1e-07,24,4.898979485566356e-07,0.01791132941573994,0.017911303736351646,0.1605888837094972,2.9029312659890647,0.0,True,,,,,,,,,,,,,,,,,,,qp,2,False,True,False,0.3749801219728612,0.37019068213200407,7.066438690844188,-0.4015428218570193,26,19,244.40497545804828,cpu,cpu,cpu,,,,,,,,,,,`xtol` termination condition is satisfied.,examples/optimization/results/qs_ess_sweep/cpu/asymmetric/direct/qp/mode2/no_ess
direct,cpu,True,1e-07,24,4.898979485566356e-07,1.1066662184018951e-05,1.1153046680915972e-05,0.17526388681311544,2.737051087649493,0.0,True,,,,,,,,,,,,,,,,,,,qp,2,True,False,False,0.6004211583130168,0.5882165620199654,7.107705436375866,-0.40127785934195637,50,37,507.8212832920253,cpu,cpu,cpu,,,,,,,,,,,The maximum number of function evaluations is exceeded.,examples/optimization/results/qs_ess_sweep/cpu/asymmetric/direct/qp/mode2/ess
direct,cpu,True,1e-07,48,6.928203230275509e-07,0.02429057337360005,0.024290582136698543,0.16834951506820744,1.132157250563441,0.0,True,,,,,,,,,,,,,,,,,,,qp,3,False,True,False,2.754065498837139,2.741799221557757,7.110753226947951,-1.2286825938340191,16,9,177.69870100007392,cpu,cpu,cpu,,,,,,,,,,,`xtol` termination condition is satisfied.,examples/optimization/results/qs_ess_sweep/cpu/asymmetric/direct/qp/mode3/no_ess
direct,cpu,True,1e-07,48,6.928203230275509e-07,0.003212385262250719,0.0032122133916987917,0.17202617385242047,2.650440172962833,0.0,True,,,,,,,,,,,,,,,,,,,qp,3,True,True,False,0.5431520443174626,0.5377273851447613,7.057150885683439,-0.4005253285487786,47,30,625.8338867080165,cpu,cpu,cpu,,,,,,,,,,,`xtol` termination condition is satisfied.,examples/optimization/results/qs_ess_sweep/cpu/asymmetric/direct/qp/mode3/ess
continuation,gpu,False,0.0,0,,,,0.5745724075220615,0.8194916089907988,0.0,True,,,,,,,,,,,,,,,,,,,qa,1,False,True,False,0.017808965730654498,0.01776979466173654,5.0061401033931014,0.419987874822723,42,31,400.93669013818726,gpu,NVIDIA RTX A4000,gpu,,examples/data/input.nfp2_QA_omnigenity,2,False,5.0,0.42,,100.0,0.0,0.0,`xtol` termination condition is satisfied.,examples/optimization/results/qs_ess_sweep/gpu/continuation/qa/mode1/no_ess
continuation,gpu,False,0.0,0,,,,0.5745724075220615,0.8194916089907988,0.0,True,,,,,,,,,,,,,,,,,,,qa,1,True,True,False,0.017808965730654498,0.01776979466173654,5.0061401033931014,0.419987874822723,42,31,373.00438355794176,gpu,NVIDIA RTX A4000,gpu,,examples/data/input.nfp2_QA_omnigenity,2,False,5.0,0.42,,100.0,0.0,0.0,`xtol` termination condition is satisfied.,examples/optimization/results/qs_ess_sweep/gpu/continuation/qa/mode1/ess
continuation,gpu,False,0.0,0,,,,0.5836368128863423,0.8067326054261065,0.0,True,,,,,,,,,,,,,,,,,,,qa,2,False,True,False,0.006334097796265972,0.006327567695745497,5.002354683168319,0.41999007242377356,84,47,652.363012933638,gpu,NVIDIA RTX A4000,gpu,,examples/data/input.nfp2_QA_omnigenity,2,False,5.0,0.42,,100.0,0.0,0.0,`xtol` termination condition is satisfied.,examples/optimization/results/qs_ess_sweep/gpu/continuation/qa/mode2/no_ess
continuation,gpu,False,0.0,0,,,,0.5877207259964998,0.8042714085188551,0.0,True,,,,,,,,,,,,,,,,,,,qa,2,True,True,False,0.0025990362897375203,0.002597636546542403,5.001182016283607,0.4200005080059454,115,70,1039.6375232446007,gpu,NVIDIA RTX A4000,gpu,,examples/data/input.nfp2_QA_omnigenity,2,False,5.0,0.42,,100.0,0.0,0.0,`xtol` termination condition is satisfied.,examples/optimization/results/qs_ess_sweep/gpu/continuation/qa/mode2/ess
continuation,gpu,False,0.0,0,,,,0.5836368128863423,0.8067326054261065,0.0,True,,,,,,,,,,,,,,,,,,,qa,3,False,True,False,0.006334097796265972,0.006327567695745497,5.002354683168319,0.41999007242377356,105,50,794.6362127372995,gpu,NVIDIA RTX A4000,gpu,,examples/data/input.nfp2_QA_omnigenity,2,False,5.0,0.42,,100.0,0.0,0.0,`xtol` termination condition is satisfied.,examples/optimization/results/qs_ess_sweep/gpu/continuation/qa/mode3/no_ess
continuation,gpu,False,0.0,0,,,,0.8484555862369728,1.0834165040926054,0.0,True,,,,,,,,,,,,,,,,,,,qa,3,True,True,False,0.0005704357738241286,0.0005704136782042436,5.999983906226514,0.409985222784315,75,47,831.7110696297605,gpu,NVIDIA RTX A4000,gpu,,,,,,,,,,,`xtol` termination condition is satisfied.,examples/optimization/results/qs_ess_sweep/gpu/continuation/qa/mode3/ess
continuation,gpu,False,0.0,0,,,,0.6426193752962014,1.0206741089861218,0.0,True,,,,,,,,,,,,,,,,,,,qh,1,False,True,False,0.2152339244004937,0.21290987554733068,7.048208389862779,-0.8859277069044512,16,15,214.91949318698607,gpu,NVIDIA RTX A4000,gpu,,,,,,,,,,,`ftol` termination condition is satisfied.,examples/optimization/results/qs_ess_sweep/gpu/continuation/qh/mode1/no_ess
continuation,gpu,False,0.0,0,,,,0.6426193752962014,1.0206741089861218,0.0,True,,,,,,,,,,,,,,,,,,,qh,1,True,True,False,0.2152339244004937,0.21290987554733068,7.048208389862779,-0.8859277069044512,16,15,223.31528477789834,gpu,NVIDIA RTX A4000,gpu,,,,,,,,,,,`ftol` termination condition is satisfied.,examples/optimization/results/qs_ess_sweep/gpu/continuation/qh/mode1/ess
continuation,gpu,False,0.0,0,,,,0.769146930619139,1.1082854153949162,0.0,True,,,,,,,,,,,,,,,,,,,qh,2,False,True,False,0.004012746737231182,0.004012336138901741,7.000640779470223,-1.176803179424729,42,33,557.4419330111705,gpu,NVIDIA RTX A4000,gpu,,,,,,,,,,,`xtol` termination condition is satisfied.,examples/optimization/results/qs_ess_sweep/gpu/continuation/qh/mode2/no_ess
continuation,gpu,False,0.0,0,,,,0.7641240709069046,1.2222005609664648,0.0,True,,,,,,,,,,,,,,,,,,,qh,2,True,True,False,0.0057208309834797565,0.005720083856862836,7.000864364863306,-1.19227626191601,49,37,628.1757695877459,gpu,NVIDIA RTX A4000,gpu,,,,,,,,,,,`xtol` termination condition is satisfied.,examples/optimization/results/qs_ess_sweep/gpu/continuation/qh/mode2/ess
continuation,gpu,False,0.0,0,,,,0.7821662755875426,1.1190703599329144,0.0,True,,,,,,,,,,,,,,,,,,,qh,3,False,True,False,0.0017030990847279256,0.0017030033894959858,6.999690653540597,-1.2053717823222576,57,43,804.2845207082573,gpu,NVIDIA RTX A4000,gpu,,,,,,,,,,,`xtol` termination condition is satisfied.,examples/optimization/results/qs_ess_sweep/gpu/continuation/qh/mode3/no_ess
continuation,gpu,False,0.0,0,,,,0.8056236024140481,1.2646174966071453,0.0,True,,,,,,,,,,,,,,,,,,,qh,3,True,True,False,0.001255971016702913,0.0012559709507403872,6.99999187826829,-1.2524066267038414,71,49,899.0816958409268,gpu,NVIDIA RTX A4000,gpu,,,,,,,,,,,`xtol` termination condition is satisfied.,examples/optimization/results/qs_ess_sweep/gpu/continuation/qh/mode3/ess
continuation,gpu,False,0.0,0,,,,0.15190237324253644,1.5867858837844813,0.0,True,,,,,False,True,0.0025956824440309394,0.0025956824440309394,0.7922354705685984,0.21,0.5822354705685985,10.42556287261026,8.0,2.4255628726102607,0.05864488376914035,0.3,13.718452529804692,,qi,1,True,True,False,1059.8239054525695,62.22612960417982,5.5062035147719985,-0.252096427063063,14,11,135.0369913079776,gpu,NVIDIA RTX A4000,gpu,,examples/data/input.nfp2_QI,2,True,5.0,,0.41,200.0,0.0,0.0,`xtol` termination condition is satisfied.,examples/optimization/results/qs_ess_sweep/gpu_profile_tape/continuation/qi/no_qp_preseed/mode1/ess
continuation,gpu,False,0.0,0,,,,0.5055983022528676,2.2191304774851197,0.0,True,,,,,,,,,,,,,,,,,,,qp,1,False,True,False,0.49779474232963755,0.4885446858554218,7.094815866682524,-0.40174310724561146,34,19,290.6701673059724,gpu,NVIDIA RTX A4000,gpu,,,,,,,,,,,`xtol` termination condition is satisfied.,examples/optimization/results/qs_ess_sweep/gpu/continuation/qp/mode1/no_ess
continuation,gpu,False,0.0,0,,,,0.5055983022528676,2.2191304774851197,0.0,True,,,,,,,,,,,,,,,,,,,qp,1,True,True,False,0.49779474232963755,0.4885446858554218,7.094815866682524,-0.40174310724561146,34,19,258.2813578818459,gpu,NVIDIA RTX A4000,gpu,,,,,,,,,,,`xtol` termination condition is satisfied.,examples/optimization/results/qs_ess_sweep/gpu/continuation/qp/mode1/ess
continuation,gpu,False,0.0,0,,,,0.3443719005240058,3.286790276137238,0.0,True,,,,,,,,,,,,,,,,,,,qp,2,False,True,False,0.08345351298416617,0.08296812390780368,7.0166681825762955,-0.4018645585798205,60,36,583.1241407769267,gpu,NVIDIA RTX A4000,gpu,,,,,,,,,,,`xtol` termination condition is satisfied.,examples/optimization/results/qs_ess_sweep/gpu/continuation/qp/mode2/no_ess
continuation,gpu,False,0.0,0,,,,0.33551894298522417,3.7616702131538293,0.0,True,,,,,,,,,,,,,,,,,,,qp,2,True,True,False,0.07991888850528,0.07972528054024863,7.012558227722976,-0.40278470970476915,55,29,422.2023972356692,gpu,NVIDIA RTX A4000,gpu,,,,,,,,,,,`xtol` termination condition is satisfied.,examples/optimization/results/qs_ess_sweep/gpu/continuation/qp/mode2/ess
continuation,gpu,False,0.0,0,,,,0.3419959426174962,3.3829729922058647,0.0,True,,,,,,,,,,,,,,,,,,,qp,3,False,True,False,0.08172139060488119,0.08143212976165734,7.014947827994805,-0.40247084336448224,69,39,677.7206971650012,gpu,NVIDIA RTX A4000,gpu,,,,,,,,,,,`xtol` termination condition is satisfied.,examples/optimization/results/qs_ess_sweep/gpu/continuation/qp/mode3/no_ess
continuation,gpu,False,0.0,0,,,,0.33551894298522417,3.7616702131538293,0.0,True,,,,,,,,,,,,,,,,,,,qp,3,True,True,False,0.07991888850528,0.07972528054024863,7.012558227722976,-0.40278470970476915,66,30,480.6316385664977,gpu,NVIDIA RTX A4000,gpu,,,,,,,,,,,`xtol` termination condition is satisfied.,examples/optimization/results/qs_ess_sweep/gpu/continuation/qp/mode3/ess
direct,gpu,False,0.0,0,,,,0.853510694173697,1.1349321058081627,0.0,True,,,,,,,,,,,,,,,,,,,qa,1,False,True,False,0.009473084056725329,0.009464162366404787,6.002568632153754,0.4098475592187358,37,22,373.47320079198107,gpu,NVIDIA RTX A4000,gpu,,,,,,,,,,,`xtol` termination condition is satisfied.,examples/optimization/results/qs_ess_sweep/gpu/direct/qa/mode1/no_ess
direct,gpu,False,0.0,0,,,,0.853510694173697,1.1349321058081627,0.0,True,,,,,,,,,,,,,,,,,,,qa,1,True,True,False,0.009473084056725329,0.009464162366404787,6.002568632153754,0.4098475592187358,37,22,372.55300386296585,gpu,NVIDIA RTX A4000,gpu,,,,,,,,,,,`xtol` termination condition is satisfied.,examples/optimization/results/qs_ess_sweep/gpu/direct/qa/mode1/ess
direct,gpu,False,0.0,0,,,,0.8960501645852812,1.1242997156709074,0.0,True,,,,,,,,,,,,,,,,,,,qa,2,False,True,False,0.00042805054787736253,0.00042794008559235896,5.999686081887669,0.41001091682360113,54,32,676.8059946252033,gpu,NVIDIA RTX A4000,gpu,,,,,,,,,,,`xtol` termination condition is satisfied.,examples/optimization/results/qs_ess_sweep/gpu/direct/qa/mode2/no_ess
direct,gpu,False,0.0,0,,,,0.8663576329592929,1.093538533322984,0.0,True,,,,,,,,,,,,,,,,,,,qa,2,True,True,False,0.0005318242713836182,0.0005317385381989162,6.000114999909302,0.4099730726522726,42,28,471.43441584403627,gpu,NVIDIA RTX A4000,gpu,,,,,,,,,,,`xtol` termination condition is satisfied.,examples/optimization/results/qs_ess_sweep/gpu/direct/qa/mode2/ess
direct,gpu,False,0.0,0,,,,0.7441683102304164,1.1577796843070276,0.0,True,,,,,,,,,,,,,,,,,,,qa,3,False,True,False,4.020971731782392,0.07837294860608952,5.977908920185877,0.2114525052444894,35,19,619.3257354651578,gpu,NVIDIA RTX A4000,gpu,,,,,,,,,,,`xtol` termination condition is satisfied.,examples/optimization/results/qs_ess_sweep/gpu/direct/qa/mode3/no_ess
direct,gpu,False,0.0,0,,,,0.8418461420570673,1.0973198091108387,0.0,True,,,,,,,,,,,,,,,,,,,qa,3,True,True,False,0.0003195341953969958,0.0003195267647459341,5.999971488496131,0.4099918650475053,47,29,575.6918507791124,gpu,NVIDIA RTX A4000,gpu,,,,,,,,,,,`xtol` termination condition is satisfied.,examples/optimization/results/qs_ess_sweep/gpu/direct/qa/mode3/ess
direct,gpu,False,0.0,0,,,,0.6426193752962014,1.0206741089861218,0.0,True,,,,,,,,,,,,,,,,,,,qh,1,False,True,False,0.2152339244004937,0.21290987554733068,7.048208389862779,-0.8859277069044512,16,15,247.73561598081142,gpu,NVIDIA RTX A4000,gpu,,,,,,,,,,,`ftol` termination condition is satisfied.,examples/optimization/results/qs_ess_sweep/gpu/direct/qh/mode1/no_ess
direct,gpu,False,0.0,0,,,,0.3126748686499542,0.6418312042074542,0.0,True,,,,,,,,,,,,,,,,,,,qh,1,True,True,False,0.5754024221329634,0.5425109514983617,5.181360057991291,-0.6956362208658962,10,7,118.36134696612135,gpu,NVIDIA RTX A4000,gpu,,examples/data/input.nfp4_QH_warm_start,4,False,5.0,,0.41,200.0,0.0,0.0,Both `ftol` and `xtol` termination conditions are satisfied.,examples/optimization/results/qs_ess_sweep/gpu_profile_tape/direct/qh/mode1/ess
direct,gpu,False,0.0,0,,,,0.7501354046196776,1.1417550632973483,0.0,True,,,,,,,,,,,,,,,,,,,qh,2,False,True,False,0.006284503544138963,0.006283871385425475,7.000795084092085,-1.1329940930638638,34,20,391.38496105582453,gpu,NVIDIA RTX A4000,gpu,,,,,,,,,,,`xtol` termination condition is satisfied.,examples/optimization/results/qs_ess_sweep/gpu/direct/qh/mode2/no_ess
direct,gpu,False,0.0,0,,,,0.7624313608376823,1.1980199900501785,0.0,True,,,,,,,,,,,,,,,,,,,qh,2,True,True,False,0.005282442224449555,0.005281788368251257,7.000808613750975,-1.1801591792173325,43,28,526.895989645971,gpu,NVIDIA RTX A4000,gpu,,,,,,,,,,,`xtol` termination condition is satisfied.,examples/optimization/results/qs_ess_sweep/gpu/direct/qh/mode2/ess
direct,gpu,False,0.0,0,,,,0.7810235845026914,1.1437990071735449,0.0,True,,,,,,,,,,,,,,,,,,,qh,3,False,True,False,0.004273132002307509,0.004272712402394046,6.999352234677174,-1.1652236250537424,25,16,405.5969239468686,gpu,NVIDIA RTX A4000,gpu,,,,,,,,,,,`xtol` termination condition is satisfied.,examples/optimization/results/qs_ess_sweep/gpu/direct/qh/mode3/no_ess
direct,gpu,False,0.0,0,,,,0.77715110988339,1.2258618279817777,0.0,True,,,,,,,,,,,,,,,,,,,qh,3,True,True,False,0.002546908778704155,0.002546897593702864,7.000105759166446,-1.1850571354278145,39,25,525.6399788570125,gpu,NVIDIA RTX A4000,gpu,,,,,,,,,,,`xtol` termination condition is satisfied.,examples/optimization/results/qs_ess_sweep/gpu/direct/qh/mode3/ess
direct,gpu,False,0.0,0,,,,0.5055983022528676,2.2191304774851197,0.0,True,,,,,,,,,,,,,,,,,,,qp,1,False,True,False,0.49779474232963755,0.4885446858554218,7.094815866682524,-0.40174310724561146,34,19,259.02126840292476,gpu,NVIDIA RTX A4000,gpu,,,,,,,,,,,`xtol` termination condition is satisfied.,examples/optimization/results/qs_ess_sweep/gpu/direct/qp/mode1/no_ess
direct,gpu,False,0.0,0,,,,0.5055983022528676,2.2191304774851197,0.0,True,,,,,,,,,,,,,,,,,,,qp,1,True,True,False,0.49779474232963755,0.4885446858554218,7.094815866682524,-0.40174310724561146,34,19,263.1421965160407,gpu,NVIDIA RTX A4000,gpu,,,,,,,,,,,`xtol` termination condition is satisfied.,examples/optimization/results/qs_ess_sweep/gpu/direct/qp/mode1/ess
direct,gpu,False,0.0,0,,,,0.30751920125472404,3.2591271421357213,0.0,True,,,,,,,,,,,,,,,,,,,qp,2,False,True,False,0.09087263090629245,0.09086781021950731,6.9978043937545396,-0.756876049528599,17,9,162.56697201309726,gpu,NVIDIA RTX A4000,gpu,,,,,,,,,,,`xtol` termination condition is satisfied.,examples/optimization/results/qs_ess_sweep/gpu/direct/qp/mode2/no_ess
direct,gpu,False,0.0,0,,,,0.32399922888328014,3.8833374710182,0.0,True,,,,,,,,,,,,,,,,,,,qp,2,True,True,False,0.03715360296065657,0.03709276566726076,7.005044096430253,-0.4027919995335701,30,17,265.7033871100284,gpu,NVIDIA RTX A4000,gpu,,,,,,,,,,,`xtol` termination condition is satisfied.,examples/optimization/results/qs_ess_sweep/gpu/direct/qp/mode2/ess
direct,gpu,False,0.0,0,,,,0.3973106911039139,2.005224421241046,0.0,True,,,,,,,,,,,,,,,,,,,qp,3,False,True,False,0.9692298530830467,0.9639230939098846,7.0728475062933684,-1.0592395844946036,13,4,202.1200371182058,gpu,NVIDIA RTX A4000,gpu,,,,,,,,,,,`xtol` termination condition is satisfied.,examples/optimization/results/qs_ess_sweep/gpu/direct/qp/mode3/no_ess
direct,gpu,False,0.0,0,,,,0.3162638086620211,3.3287870724153183,0.0,True,,,,,,,,,,,,,,,,,,,qp,3,True,True,False,0.042400098609178864,0.042338123053539616,7.007195513896134,-0.40342795836252676,29,14,291.59868684993125,gpu,NVIDIA RTX A4000,gpu,,,,,,,,,,,`xtol` termination condition is satisfied.,examples/optimization/results/qs_ess_sweep/gpu/direct/qp/mode3/ess
continuation,gpu,True,1e-07,8,2.82842712474619e-07,0.003096073214886544,0.003096097747718327,0.4245851066055196,0.5637649583146198,0.0,True,,,,,,,,,,,,,,,,,,,qa,1,False,True,False,0.06230244365010902,0.045771003431096004,6.010909254067047,0.28188899971230547,24,15,227.03521376801655,gpu,NVIDIA RTX A4000,gpu,,,,,,,,,,,`xtol` termination condition is satisfied.,examples/optimization/results/qs_ess_sweep/gpu/asymmetric/continuation/qa/mode1/no_ess
continuation,gpu,True,1e-07,8,2.82842712474619e-07,0.003096073214886544,0.003096097747718327,0.4245851066055196,0.5637649583146198,0.0,True,,,,,,,,,,,,,,,,,,,qa,1,True,True,False,0.06230244365010902,0.045771003431096004,6.010909254067047,0.28188899971230547,24,15,200.04031055793166,gpu,NVIDIA RTX A4000,gpu,,,,,,,,,,,`xtol` termination condition is satisfied.,examples/optimization/results/qs_ess_sweep/gpu/asymmetric/continuation/qa/mode1/ess
continuation,gpu,True,1e-07,24,4.898979485566357e-07,0.0029935437817284315,0.0029936021391372756,0.4463603202366254,0.5505953714750459,0.0,True,,,,,,,,,,,,,,,,,,,qa,2,False,False,False,0.022363918233826108,0.01843738182534809,6.016814120957565,0.3496359233906253,18,14,267.5405432442203,gpu,NVIDIA RTX A4000,gpu,,,,,,,,,,,The maximum number of function evaluations is exceeded.,examples/optimization/results/qs_ess_sweep/gpu/asymmetric/continuation/qa/mode2/no_ess
continuation,gpu,True,1e-07,24,4.898979485566357e-07,0.003147485548898149,0.0031475206564861966,0.433371311851298,0.5509153724403647,0.0,True,,,,,,,,,,,,,,,,,,,qa,2,True,False,False,0.039690275483823555,0.01666136039614647,6.024489322799509,0.2602362254866066,18,15,282.5413826131262,gpu,NVIDIA RTX A4000,gpu,,,,,,,,,,,The maximum number of function evaluations is exceeded.,examples/optimization/results/qs_ess_sweep/gpu/asymmetric/continuation/qa/mode2/ess
continuation,gpu,True,1e-07,48,6.928203230275509e-07,0.005127080463122196,0.00512718007593478,0.4498157893799694,0.572168038865386,0.0,True,,,,,,,,,,,,,,,,,,,qa,3,False,False,False,0.02966842873363338,0.023399892231052453,6.001389340314564,0.3308381011087326,20,14,526.4876814940944,gpu,NVIDIA RTX A4000,gpu,,,,,,,,,,,The maximum number of function evaluations is exceeded.,examples/optimization/results/qs_ess_sweep/gpu/asymmetric/continuation/qa/mode3/no_ess
continuation,gpu,True,1e-07,48,6.928203230275509e-07,0.0030945886282503395,0.0030946169831648756,0.4415422366786966,0.5515544051924328,0.0,True,,,,,,,,,,,,,,,,,,,qa,3,True,False,False,0.02782779708074809,0.020576140101191846,6.022497108312796,0.32786878122712065,20,15,463.3851325889118,gpu,NVIDIA RTX A4000,gpu,,,,,,,,,,,The maximum number of function evaluations is exceeded.,examples/optimization/results/qs_ess_sweep/gpu/asymmetric/continuation/qa/mode3/ess
continuation,gpu,True,1e-07,8,2.82842712474619e-07,4.594420562430279e-07,4.27197310265542e-07,0.42231045509043286,0.6000294781884881,0.0,True,,,,,,,,,,,,,,,,,,,qh,1,False,True,False,5.172585793110134,4.4703177983835385,7.838014316540352,,11,8,180.26470948010683,gpu,NVIDIA RTX A4000,gpu,,,,,,,,,,,`ftol` termination condition is satisfied.,examples/optimization/results/qs_ess_sweep/gpu/asymmetric/continuation/qh/mode1/no_ess
continuation,gpu,True,1e-07,8,2.82842712474619e-07,4.594420562430279e-07,4.27197310265542e-07,0.42231045509043286,0.6000294781884881,0.0,True,,,,,,,,,,,,,,,,,,,qh,1,True,True,False,5.172585793110134,4.4703177983835385,7.838014316540352,,11,8,146.1585207239259,gpu,NVIDIA RTX A4000,gpu,,,,,,,,,,,`ftol` termination condition is satisfied.,examples/optimization/results/qs_ess_sweep/gpu/asymmetric/continuation/qh/mode1/ess
continuation,gpu,True,1e-07,24,4.898979485566357e-07,0.002740692781114666,0.0027407839340258386,0.41764671473360554,0.5417402280851997,0.0,True,,,,,,,,,,,,,,,,,,,qh,2,False,False,False,1.6477796747437201,1.5899750549553862,7.24042591330457,,18,12,318.66220772988163,gpu,NVIDIA RTX A4000,gpu,,,,,,,,,,,The maximum number of function evaluations is exceeded.,examples/optimization/results/qs_ess_sweep/gpu/asymmetric/continuation/qh/mode2/no_ess
continuation,gpu,True,1e-07,24,4.898979485566357e-07,0.003939214411230401,0.003939265165060514,0.4129929118351507,0.5155721530369969,0.0,True,,,,,,,,,,,,,,,,,,,qh,2,True,True,False,1.3593276899812163,1.3135143722777711,7.214040458099504,,28,19,438.2600658091251,gpu,NVIDIA RTX A4000,gpu,,,,,,,,,,,`xtol` termination condition is satisfied.,examples/optimization/results/qs_ess_sweep/gpu/asymmetric/continuation/qh/mode2/ess
continuation,gpu,True,1e-07,48,6.928203230275509e-07,0.002788622186786549,0.002788701979032109,0.4199320980909511,0.5462471872067602,0.0,True,,,,,,,,,,,,,,,,,,,qh,3,False,False,False,1.658991010339028,1.6057676367178166,7.230701915079196,,20,13,482.7287646799814,gpu,NVIDIA RTX A4000,gpu,,,,,,,,,,,The maximum number of function evaluations is exceeded.,examples/optimization/results/qs_ess_sweep/gpu/asymmetric/continuation/qh/mode3/no_ess
continuation,gpu,True,1e-07,48,6.928203230275509e-07,0.006515426106849117,0.006515307071274916,0.41098468189368376,0.519954920154135,0.0,True,,,,,,,,,,,,,,,,,,,qh,3,True,False,False,1.474085544405591,1.4276423161248954,7.215506910053249,,20,16,529.8392846609931,gpu,NVIDIA RTX A4000,gpu,,,,,,,,,,,The maximum number of function evaluations is exceeded.,examples/optimization/results/qs_ess_sweep/gpu/asymmetric/continuation/qh/mode3/ess
continuation,gpu,True,1e-07,8,2.82842712474619e-07,2.0414058576524475e-07,4.1670613922347747e-07,0.3286290295561852,1.2249684517118034,0.0,True,,,,,,,,,,,,,,,,,,,qp,1,False,False,False,7.153198285162213,6.372767188058437,7.822468020619517,-0.4068160326322495,20,13,223.0231213280931,gpu,NVIDIA RTX A4000,gpu,,,,,,,,,,,The maximum number of function evaluations is exceeded.,examples/optimization/results/qs_ess_sweep/gpu/asymmetric/continuation/qp/mode1/no_ess
continuation,gpu,True,1e-07,8,2.82842712474619e-07,2.0414058576524475e-07,4.1670613922347747e-07,0.3286290295561852,1.2249684517118034,0.0,True,,,,,,,,,,,,,,,,,,,qp,1,True,False,False,7.153198285162213,6.372767188058437,7.822468020619517,-0.4068160326322495,20,13,184.4323663150426,gpu,NVIDIA RTX A4000,gpu,,,,,,,,,,,The maximum number of function evaluations is exceeded.,examples/optimization/results/qs_ess_sweep/gpu/asymmetric/continuation/qp/mode1/ess
continuation,gpu,True,1e-07,24,4.898979485566357e-07,3.251830754626802e-07,5.488644550648206e-07,0.34143065210557005,1.1236711781511302,0.0,True,,,,,,,,,,,,,,,,,,,qp,2,False,False,False,3.9723588501124962,2.878167035507539,8.046036239623167,-0.42426944604616507,18,11,207.7098323730752,gpu,NVIDIA RTX A4000,gpu,,,,,,,,,,,The maximum number of function evaluations is exceeded.,examples/optimization/results/qs_ess_sweep/gpu/asymmetric/continuation/qp/mode2/no_ess
continuation,gpu,True,1e-07,24,4.898979485566357e-07,1.0240583931992177e-06,8.371556337078815e-07,0.24463944182665365,1.54582089131446,0.0,True,,,,,,,,,,,,,,,,,,,qp,2,True,False,False,4.976013535845048,4.955228800893922,6.900562074038307,-0.4093901187381842,18,10,182.1971920710057,gpu,NVIDIA RTX A4000,gpu,,,,,,,,,,,The maximum number of function evaluations is exceeded.,examples/optimization/results/qs_ess_sweep/gpu/asymmetric/continuation/qp/mode2/ess
continuation,gpu,True,1e-07,48,6.928203230275509e-07,0.0009188838655926731,0.0009187686552923807,0.3131157855682026,1.1535963100194553,0.0,True,,,,,,,,,,,,,,,,,,,qp,3,False,False,False,3.7848072373868575,2.025070750875145,8.064989016082414,-0.40209129114267717,20,10,330.80557205714285,gpu,NVIDIA RTX A4000,gpu,,,,,,,,,,,The maximum number of function evaluations is exceeded.,examples/optimization/results/qs_ess_sweep/gpu/asymmetric/continuation/qp/mode3/no_ess
continuation,gpu,True,1e-07,48,6.928203230275509e-07,2.5471809867091646e-06,2.3898447993251213e-06,0.23203214890683949,1.9315131767874136,0.0,True,,,,,,,,,,,,,,,,,,,qp,3,True,False,False,2.8386502822001978,2.784173699479819,7.212132177412724,-0.40950096841600325,20,12,332.6348538871389,gpu,NVIDIA RTX A4000,gpu,,,,,,,,,,,The maximum number of function evaluations is exceeded.,examples/optimization/results/qs_ess_sweep/gpu/asymmetric/continuation/qp/mode3/ess
direct,gpu,True,1e-07,8,2.82842712474619e-07,0.003096073214886544,0.003096097747718327,0.4245851066055196,0.5637649583146198,0.0,True,,,,,,,,,,,,,,,,,,,qa,1,False,True,False,0.06230244365010902,0.045771003431096004,6.010909254067047,0.28188899971230547,24,15,227.9876421529334,gpu,NVIDIA RTX A4000,gpu,,,,,,,,,,,`xtol` termination condition is satisfied.,examples/optimization/results/qs_ess_sweep/gpu/asymmetric/direct/qa/mode1/no_ess
direct,gpu,True,1e-07,8,2.82842712474619e-07,0.003096073214886544,0.003096097747718327,0.4245851066055196,0.5637649583146198,0.0,True,,,,,,,,,,,,,,,,,,,qa,1,True,True,False,0.06230244365010902,0.045771003431096004,6.010909254067047,0.28188899971230547,24,15,199.87964278878644,gpu,NVIDIA RTX A4000,gpu,,,,,,,,,,,`xtol` termination condition is satisfied.,examples/optimization/results/qs_ess_sweep/gpu/asymmetric/direct/qa/mode1/ess
direct,gpu,True,1e-07,24,4.898979485566357e-07,2.998788191567063e-05,3.008517850210793e-05,0.3992168216865004,0.5576740252215949,0.0,True,,,,,,,,,,,,,,,,,,,qa,2,False,False,False,0.16654477389127773,4.169385963966327e-05,5.99941468951858,0.0019525304045148332,12,8,155.4582217980642,gpu,NVIDIA RTX A4000,gpu,,,,,,,,,,,The maximum number of function evaluations is exceeded.,examples/optimization/results/qs_ess_sweep/gpu/asymmetric/direct/qa/mode2/no_ess
direct,gpu,True,1e-07,24,4.898979485566357e-07,0.0001066357066392236,0.0001066460769401322,0.42396717285854457,0.5608732928774135,0.0,True,,,,,,,,,,,,,,,,,,,qa,2,True,False,False,0.07169875413911184,0.010360475761910414,6.030079745219405,0.16416776593632573,12,9,180.04078482906334,gpu,NVIDIA RTX A4000,gpu,,,,,,,,,,,The maximum number of function evaluations is exceeded.,examples/optimization/results/qs_ess_sweep/gpu/asymmetric/direct/qa/mode2/ess
direct,gpu,True,1e-07,48,6.928203230275509e-07,4.937968933775253e-06,4.913595662846066e-06,0.39943575920570185,0.5573651737958192,0.0,True,,,,,,,,,,,,,,,,,,,qa,3,False,True,False,0.16809999079335858,1.6310885207281426e-08,5.999994612496399,3.1154332493717647e-08,5,5,216.25513990200125,gpu,NVIDIA RTX A4000,gpu,,,,,,,,,,,`ftol` termination condition is satisfied.,examples/optimization/results/qs_ess_sweep/gpu/asymmetric/direct/qa/mode3/no_ess
direct,gpu,True,1e-07,48,6.928203230275509e-07,0.0005552218102029218,0.000555299309332066,0.41907683989404876,0.5657515232617039,0.0,True,,,,,,,,,,,,,,,,,,,qa,3,True,False,False,0.099969270791086,0.031417458772232655,6.013499980099451,0.14852426010016206,12,9,397.75032211793587,gpu,NVIDIA RTX A4000,gpu,,,,,,,,,,,The maximum number of function evaluations is exceeded.,examples/optimization/results/qs_ess_sweep/gpu/asymmetric/direct/qa/mode3/ess
direct,gpu,True,1e-07,8,2.82842712474619e-07,4.729721538873778e-07,4.39842902359138e-07,,,,,,,,,,,,,,,,,,,,,,,qh,1,False,True,False,5.172586427560053,4.470306042194956,7.838021709363843,,11,8,129.68674401100725,gpu,NVIDIA RTX A4000,gpu,,,,,,,,,,,`ftol` termination condition is satisfied.,examples/optimization/results/qs_ess_sweep/gpu/asymmetric/direct/qh/mode1/no_ess
direct,gpu,True,1e-07,8,2.82842712474619e-07,4.594420562430279e-07,4.27197310265542e-07,0.42231045509043286,0.6000294781884881,0.0,True,,,,,,,,,,,,,,,,,,,qh,1,True,True,False,5.172585793110134,4.4703177983835385,7.838014316540352,,11,8,145.30057407007553,gpu,NVIDIA RTX A4000,gpu,,,,,,,,,,,`ftol` termination condition is satisfied.,examples/optimization/results/qs_ess_sweep/gpu/asymmetric/direct/qh/mode1/ess
direct,gpu,True,1e-07,24,4.898979485566357e-07,0.0007245397943031155,0.0007245543375951221,0.4073811153878964,0.5253650296758776,0.0,True,,,,,,,,,,,,,,,,,,,qh,2,False,False,False,1.441052700796213,1.406371363208336,7.186229260826216,,12,8,242.081756421132,gpu,NVIDIA RTX A4000,gpu,,,,,,,,,,,The maximum number of function evaluations is exceeded.,examples/optimization/results/qs_ess_sweep/gpu/asymmetric/direct/qh/mode2/no_ess
direct,gpu,True,1e-07,24,4.898979485566357e-07,0.003212186071724465,0.0032122519746799506,0.4117710252719138,0.5278737438483082,0.0,True,,,,,,,,,,,,,,,,,,,qh,2,True,True,False,1.4727284465397523,1.4044353410566242,7.26132949600674,,18,13,330.7409653000068,gpu,NVIDIA RTX A4000,gpu,,,,,,,,,,,`xtol` termination condition is satisfied.,examples/optimization/results/qs_ess_sweep/gpu/asymmetric/direct/qh/mode2/ess
direct,gpu,True,1e-07,48,6.928203230275509e-07,0.004025830565578185,0.004025915515511913,0.409331861970442,0.5511056543854026,0.0,True,,,,,,,,,,,,,,,,,,,qh,3,False,False,False,2.911815642315162,2.8497391866689705,7.249151471290446,,8,4,365.98726496100426,gpu,NVIDIA RTX A4000,gpu,,,,,,,,,,,The maximum number of function evaluations is exceeded.,examples/optimization/results/qs_ess_sweep/gpu/asymmetric/direct/qh/mode3/no_ess
direct,gpu,True,1e-07,48,6.928203230275509e-07,0.00558183643568037,0.005581938040078525,0.4068607318514872,0.5385502839132361,0.0,True,,,,,,,,,,,,,,,,,,,qh,3,True,False,False,1.7318699071325756,1.695890653656474,7.189681979840204,,8,6,370.46875439491123,gpu,NVIDIA RTX A4000,gpu,,,,,,,,,,,The maximum number of function evaluations is exceeded.,examples/optimization/results/qs_ess_sweep/gpu/asymmetric/direct/qh/mode3/ess
direct,gpu,True,1e-07,8,2.82842712474619e-07,2.0414058576524475e-07,4.1670613922347747e-07,0.3286290295561852,1.2249684517118034,0.0,True,,,,,,,,,,,,,,,,,,,qp,1,False,False,False,7.153198285162213,6.372767188058437,7.822468020619517,-0.4068160326322495,20,13,185.49704366805963,gpu,NVIDIA RTX A4000,gpu,,,,,,,,,,,The maximum number of function evaluations is exceeded.,examples/optimization/results/qs_ess_sweep/gpu/asymmetric/direct/qp/mode1/no_ess
direct,gpu,True,1e-07,8,2.82842712474619e-07,2.0414058576524475e-07,4.1670613922347747e-07,0.3286290295561852,1.2249684517118034,0.0,True,,,,,,,,,,,,,,,,,,,qp,1,True,False,False,7.153198285162213,6.372767188058437,7.822468020619517,-0.4068160326322495,20,13,185.8178276119288,gpu,NVIDIA RTX A4000,gpu,,,,,,,,,,,The maximum number of function evaluations is exceeded.,examples/optimization/results/qs_ess_sweep/gpu/asymmetric/direct/qp/mode1/ess
direct,gpu,True,1e-07,24,4.898979485566357e-07,0.009725766551554485,0.009725747051034883,0.18045708286699383,1.50219373787148,0.0,True,,,,,,,,,,,,,,,,,,,qp,2,False,False,False,1.087905206371302,1.0811838210751343,7.081984055133717,-0.7068090495352893,12,9,203.79343314096332,gpu,NVIDIA RTX A4000,gpu,,,,,,,,,,,The maximum number of function evaluations is exceeded.,examples/optimization/results/qs_ess_sweep/gpu/asymmetric/direct/qp/mode2/no_ess
direct,gpu,True,1e-07,24,4.898979485566357e-07,1.6224489101798802e-06,1.6167468519711463e-06,0.29788523237570436,1.243437803923598,0.0,True,,,,,,,,,,,,,,,,,,,qp,2,True,False,False,4.295483151466356,3.502911086495899,7.889781110061986,-0.4110753945251618,20,12,218.95077171805315,gpu,NVIDIA RTX A4000,gpu,,,,,,,,,,,The maximum number of function evaluations is exceeded.,examples/optimization/results/qs_ess_sweep/gpu/asymmetric/direct/qp/mode2/ess
direct,gpu,True,1e-07,48,6.928203230275509e-07,0.011710537368054195,0.011710467949798242,0.24809939737487355,0.7487370607263852,0.0,True,,,,,,,,,,,,,,,,,,,qp,3,False,False,False,5.92552922170353,5.817148424474955,7.329212389239189,-1.133123259500137,8,6,272.9317990350537,gpu,NVIDIA RTX A4000,gpu,,,,,,,,,,,The maximum number of function evaluations is exceeded.,examples/optimization/results/qs_ess_sweep/gpu/asymmetric/direct/qp/mode3/no_ess
direct,gpu,True,1e-07,48,6.928203230275509e-07,1.0423368909835846e-06,9.366309960912529e-07,0.4966169239700187,0.8308825373764386,0.0,True,,,,,,,,,,,,,,,,,,,qp,3,True,False,False,8.268960093719931,5.225770315495557,8.744473141963896,-0.4140091194122513,8,4,159.4616598021239,gpu,NVIDIA RTX A4000,gpu,,,,,,,,,,,The maximum number of function evaluations is exceeded.,examples/optimization/results/qs_ess_sweep/gpu/asymmetric/direct/qp/mode3/ess
